{
	"type": "origins:stacking_status_effect",
	"min_stacks": 0,
	"max_stacks": 2,
	"duration_per_stack": 10,
	"effects": [
		{
			"effect": "minecraft:slowness",
			"amplifier": 2,
			"is_ambient": true,
			"show_particles": false,
			"show_icon": false
		}
	],
	"condition": {
		"type": "origins:submerged_in",
                "fluid": "minecraft:water",
				"inverted": true
	},
        "name": "Fish Tail",
		"description": "Since you don't have legs, you are much slower to move on land.",
        "tick_rate": 2
}