{
	"type": "origins:stacking_status_effect",
	"min_stacks": 0,
	"max_stacks": 2,
	"duration_per_stack": 10,
	"effects": [
		{
			"effect": "minecraft:water_breathing",
			"amplifier": 1,
			"is_ambient": true,
			"show_particles": false,
			"show_icon": false
		}
	],
	"condition": {
		"type": "origins:submerged_in",
                "fluid": "minecraft:water"
	},
        "name": "Amphibian",
		"description": "You can breather underwater and on land.",
        "tick_rate": 2
}